Task Name,Description
"Fix the security breach on Siadlak.com","Prevent spam issues and protect SEO."
"Set up Lifehacker City","Define structure and purpose."
"Announce that Discord will focus on technical discussions","Clarify its role."
"Describe the new channel structure","Define channel names, topics, and guidelines."
"Develop an action plan with Male Compass","Define scope and goals."
"Set up Patronite for the Foundation","Research and implement funding strategy."
"Establish a Programming Council for the Foundation","Select members and outline responsibilities."
"Outline '52 Changes' initiative","Define goals and execution plan."
"Develop the KUPLET concept","Clarify scope and execution."
"Attend today's mentoring sessions (9:15 and 9:30)","High-priority commitment."
"Create a website for the Productivity Hacking course","Develop and publish."
"Plan and execute a webinar for Cloud Hackers","Define topic and date."
"Draft and send a letter for receiving correspondence at RÄ™czyca post office","Handle formalities."
"Register the Orange contract for the company","Complete documentation."